path,label,split
train/bird/00110.png,bird,train
train/bird/00325.png,bird,train
train/bird/00396.png,bird,train
train/bird/00405.png,bird,train
train/bird/00475.png,bird,train
train/bird/00818.png,bird,train
train/bird/00855.png,bird,train
train/bird/00988.png,bird,train
train/bird/01045.png,bird,train
train/bird/01058.png,bird,train
train/bird/01280.png,bird,train
train/bird/01318.png,bird,train
train/bird/01874.png,bird,train
train/bird/01884.png,bird,train
train/bird/01941.png,bird,train
train/bird/02106.png,bird,train
train/bird/02330.png,bird,train
train/bird/02332.png,bird,train
train/bird/02419.png,bird,train
train/bird/02792.png,bird,train
train/bird/02807.png,bird,train
train/bird/02908.png,bird,train
train/bird/03270.png,bird,train
train/bird/03276.png,bird,train
train/bird/03649.png,bird,train
train/bird/03680.png,bird,train
train/bird/04219.png,bird,train
train/bird/04698.png,bird,train
train/bird/04747.png,bird,train
train/bird/05107.png,bird,train
train/bird/05126.png,bird,train
train/bird/05226.png,bird,train
train/bird/05310.png,bird,train
train/bird/05466.png,bird,train
train/bird/05482.png,bird,train
train/bird/05493.png,bird,train
train/bird/05841.png,bird,train
train/bird/05955.png,bird,train
train/bird/06070.png,bird,train
train/bird/06185.png,bird,train
train/bird/06305.png,bird,train
train/bird/06408.png,bird,train
train/bird/06426.png,bird,train
train/bird/06481.png,bird,train
train/bird/06657.png,bird,train
train/bird/06675.png,bird,train
train/bird/06825.png,bird,train
train/bird/06920.png,bird,train
train/bird/07143.png,bird,train
train/bird/07243.png,bird,train
train/bird/07305.png,bird,train
train/bird/07336.png,bird,train
train/bird/07488.png,bird,train
train/bird/07647.png,bird,train
train/bird/07684.png,bird,train
train/bird/07713.png,bird,train
train/bird/07754.png,bird,train
train/bird/07811.png,bird,train
train/bird/07828.png,bird,train
train/bird/07878.png,bird,train
train/bird/07925.png,bird,train
train/bird/08063.png,bird,train
train/bird/08216.png,bird,train
train/bird/08234.png,bird,train
train/bird/08352.png,bird,train
train/bird/08459.png,bird,train
train/bird/08558.png,bird,train
train/bird/08560.png,bird,train
train/bird/08573.png,bird,train
train/bird/08664.png,bird,train
train/bird/08676.png,bird,train
train/bird/09082.png,bird,train
train/bird/09112.png,bird,train
train/bird/09178.png,bird,train
train/bird/09242.png,bird,train
train/bird/09360.png,bird,train
train/bird/09535.png,bird,train
train/bird/09648.png,bird,train
train/bird/09786.png,bird,train
train/bird/09857.png,bird,train
train/bird/10009.png,bird,train
train/bird/10102.png,bird,train
train/bird/10145.png,bird,train
train/bird/10220.png,bird,train
train/bird/10226.png,bird,train
train/bird/10260.png,bird,train
train/bird/10457.png,bird,train
train/bird/10545.png,bird,train
train/bird/10651.png,bird,train
train/bird/10696.png,bird,train
train/bird/11131.png,bird,train
train/bird/11247.png,bird,train
train/bird/11637.png,bird,train
train/bird/11841.png,bird,train
train/bird/11860.png,bird,train
train/bird/11973.png,bird,train
train/bird/12014.png,bird,train
train/bird/12170.png,bird,train
train/bird/12228.png,bird,train
train/bird/12373.png,bird,train
train/bird/12987.png,bird,train
train/bird/13128.png,bird,train
train/bird/13158.png,bird,train
train/bird/13288.png,bird,train
train/bird/13315.png,bird,train
train/bird/13496.png,bird,train
train/bird/13632.png,bird,train
train/bird/13788.png,bird,train
train/bird/14074.png,bird,train
train/bird/14134.png,bird,train
train/bird/14210.png,bird,train
train/bird/14223.png,bird,train
train/bird/14272.png,bird,train
train/bird/14334.png,bird,train
train/bird/14742.png,bird,train
train/bird/14935.png,bird,train
train/bird/15145.png,bird,train
train/bird/15183.png,bird,train
train/bird/15195.png,bird,train
train/bird/15296.png,bird,train
train/bird/15354.png,bird,train
train/bird/15665.png,bird,train
train/bird/15901.png,bird,train
train/bird/16155.png,bird,train
train/bird/16308.png,bird,train
train/bird/16390.png,bird,train
train/bird/16398.png,bird,train
train/bird/16426.png,bird,train
train/bird/16651.png,bird,train
train/bird/16758.png,bird,train
train/bird/16760.png,bird,train
train/bird/16762.png,bird,train
train/bird/17253.png,bird,train
train/bird/17264.png,bird,train
train/bird/17542.png,bird,train
train/bird/17555.png,bird,train
train/bird/17560.png,bird,train
train/bird/17599.png,bird,train
train/bird/17764.png,bird,train
train/bird/17795.png,bird,train
train/bird/18108.png,bird,train
train/bird/18397.png,bird,train
train/bird/18479.png,bird,train
train/bird/18521.png,bird,train
train/bird/18618.png,bird,train
train/bird/18770.png,bird,train
train/bird/18814.png,bird,train
train/bird/19087.png,bird,train
train/bird/19181.png,bird,train
train/bird/19483.png,bird,train
train/bird/19548.png,bird,train
train/bird/19906.png,bird,train
train/bird/20241.png,bird,train
train/bird/20378.png,bird,train
train/bird/20409.png,bird,train
train/bird/20433.png,bird,train
train/bird/20461.png,bird,train
train/bird/20588.png,bird,train
train/bird/20594.png,bird,train
train/bird/20612.png,bird,train
train/bird/20842.png,bird,train
train/bird/21089.png,bird,train
train/bird/21099.png,bird,train
train/bird/21175.png,bird,train
train/bird/21198.png,bird,train
train/bird/21385.png,bird,train
train/bird/21486.png,bird,train
train/bird/21587.png,bird,train
train/bird/21666.png,bird,train
train/bird/21766.png,bird,train
train/bird/21811.png,bird,train
train/bird/22250.png,bird,train
train/bird/22346.png,bird,train
train/bird/22455.png,bird,train
train/bird/22462.png,bird,train
train/bird/22504.png,bird,train
train/bird/22589.png,bird,train
train/bird/22790.png,bird,train
train/bird/22860.png,bird,train
train/bird/22892.png,bird,train
train/bird/23042.png,bird,train
train/bird/23177.png,bird,train
train/bird/23318.png,bird,train
train/bird/23397.png,bird,train
train/bird/23477.png,bird,train
train/bird/23585.png,bird,train
train/bird/23648.png,bird,train
train/bird/23812.png,bird,train
train/bird/23814.png,bird,train
train/bird/23898.png,bird,train
train/bird/24012.png,bird,train
train/bird/24569.png,bird,train
train/bird/24620.png,bird,train
train/bird/24697.png,bird,train
train/bird/24752.png,bird,train
train/bird/24769.png,bird,train
train/bird/24770.png,bird,train
train/bird/24785.png,bird,train
train/bird/24819.png,bird,train
train/bird/24843.png,bird,train
train/bird/24930.png,bird,train
train/bird/25068.png,bird,train
train/bird/25109.png,bird,train
train/bird/25297.png,bird,train
train/bird/25560.png,bird,train
train/bird/25697.png,bird,train
train/bird/25890.png,bird,train
train/bird/25910.png,bird,train
train/bird/25913.png,bird,train
train/bird/26102.png,bird,train
train/bird/26207.png,bird,train
train/bird/26279.png,bird,train
train/bird/26312.png,bird,train
train/bird/26530.png,bird,train
train/bird/26571.png,bird,train
train/bird/26712.png,bird,train
train/bird/26732.png,bird,train
train/bird/26790.png,bird,train
train/bird/27016.png,bird,train
train/bird/27114.png,bird,train
train/bird/27134.png,bird,train
train/bird/27373.png,bird,train
train/bird/27403.png,bird,train
train/bird/27415.png,bird,train
train/bird/27481.png,bird,train
train/bird/27561.png,bird,train
train/bird/27690.png,bird,train
train/bird/27779.png,bird,train
train/bird/27851.png,bird,train
train/bird/28086.png,bird,train
train/bird/28242.png,bird,train
train/bird/28285.png,bird,train
train/bird/28296.png,bird,train
train/bird/28419.png,bird,train
train/bird/28733.png,bird,train
train/bird/28753.png,bird,train
train/bird/29130.png,bird,train
train/bird/29157.png,bird,train
train/bird/29204.png,bird,train
train/bird/29236.png,bird,train
train/bird/29258.png,bird,train
train/bird/29343.png,bird,train
train/bird/29536.png,bird,train
train/bird/29611.png,bird,train
train/bird/29655.png,bird,train
train/bird/30020.png,bird,train
train/bird/30133.png,bird,train
train/bird/30225.png,bird,train
train/bird/30388.png,bird,train
train/bird/30452.png,bird,train
train/bird/30791.png,bird,train
train/bird/30865.png,bird,train
train/bird/30965.png,bird,train
train/bird/31143.png,bird,train
train/bird/31214.png,bird,train
train/bird/31411.png,bird,train
train/bird/31498.png,bird,train
train/bird/31556.png,bird,train
train/bird/31716.png,bird,train
train/bird/31721.png,bird,train
train/bird/31790.png,bird,train
train/bird/31884.png,bird,train
train/bird/31891.png,bird,train
train/bird/31939.png,bird,train
train/bird/32227.png,bird,train
train/bird/32564.png,bird,train
train/bird/32568.png,bird,train
train/bird/32687.png,bird,train
train/bird/32717.png,bird,train
train/bird/32774.png,bird,train
train/bird/33059.png,bird,train
train/bird/33095.png,bird,train
train/bird/33116.png,bird,train
train/bird/33118.png,bird,train
train/bird/33216.png,bird,train
train/bird/33450.png,bird,train
train/bird/33503.png,bird,train
train/bird/33569.png,bird,train
train/bird/33990.png,bird,train
train/bird/34174.png,bird,train
train/bird/34334.png,bird,train
train/bird/34480.png,bird,train
train/bird/34482.png,bird,train
train/bird/34510.png,bird,train
train/bird/34608.png,bird,train
train/bird/34776.png,bird,train
train/bird/35837.png,bird,train
train/bird/35849.png,bird,train
train/bird/35852.png,bird,train
train/bird/35940.png,bird,train
train/bird/36242.png,bird,train
train/bird/36284.png,bird,train
train/bird/36373.png,bird,train
train/bird/36451.png,bird,train
train/bird/36478.png,bird,train
train/bird/36516.png,bird,train
train/bird/36652.png,bird,train
train/bird/36673.png,bird,train
train/bird/36800.png,bird,train
train/bird/36874.png,bird,train
train/bird/36887.png,bird,train
train/bird/37034.png,bird,train
train/bird/37195.png,bird,train
train/bird/37255.png,bird,train
train/bird/37281.png,bird,train
train/bird/37565.png,bird,train
train/bird/37589.png,bird,train
train/bird/37674.png,bird,train
train/bird/37695.png,bird,train
train/bird/37718.png,bird,train
train/bird/37846.png,bird,train
train/bird/38093.png,bird,train
train/bird/38146.png,bird,train
train/bird/38288.png,bird,train
train/bird/38344.png,bird,train
train/bird/38354.png,bird,train
train/bird/38417.png,bird,train
train/bird/38504.png,bird,train
train/bird/38545.png,bird,train
train/bird/38589.png,bird,train
train/bird/38694.png,bird,train
train/bird/38800.png,bird,train
train/bird/39538.png,bird,train
train/bird/39558.png,bird,train
train/bird/39560.png,bird,train
train/bird/39877.png,bird,train
train/bird/40018.png,bird,train
train/bird/40057.png,bird,train
train/bird/40063.png,bird,train
train/bird/40138.png,bird,train
train/bird/40400.png,bird,train
train/bird/40560.png,bird,train
train/bird/40802.png,bird,train
train/bird/40963.png,bird,train
train/bird/41009.png,bird,train
train/bird/41129.png,bird,train
train/bird/41163.png,bird,train
train/bird/41415.png,bird,train
train/bird/41430.png,bird,train
train/bird/41620.png,bird,train
train/bird/41792.png,bird,train
train/bird/41867.png,bird,train
train/bird/41883.png,bird,train
train/bird/42133.png,bird,train
train/bird/42205.png,bird,train
train/bird/42514.png,bird,train
train/bird/42870.png,bird,train
train/bird/43428.png,bird,train
train/bird/43569.png,bird,train
train/bird/43583.png,bird,train
train/bird/43663.png,bird,train
train/bird/43791.png,bird,train
train/bird/43982.png,bird,train
train/bird/44008.png,bird,train
train/bird/44228.png,bird,train
train/bird/44376.png,bird,train
train/bird/44518.png,bird,train
train/bird/44526.png,bird,train
train/bird/44719.png,bird,train
train/bird/44811.png,bird,train
train/bird/44931.png,bird,train
train/bird/45415.png,bird,train
train/bird/45531.png,bird,train
train/bird/45603.png,bird,train
train/bird/45634.png,bird,train
train/bird/45847.png,bird,train
train/bird/45862.png,bird,train
train/bird/45892.png,bird,train
train/bird/45901.png,bird,train
train/bird/45922.png,bird,train
train/bird/45979.png,bird,train
train/bird/46026.png,bird,train
train/bird/46081.png,bird,train
train/bird/46228.png,bird,train
train/bird/46412.png,bird,train
train/bird/46467.png,bird,train
train/bird/46558.png,bird,train
train/bird/46583.png,bird,train
train/bird/46614.png,bird,train
train/bird/46685.png,bird,train
train/bird/46738.png,bird,train
train/bird/47165.png,bird,train
train/bird/47298.png,bird,train
train/bird/47340.png,bird,train
train/bird/47596.png,bird,train
train/bird/47745.png,bird,train
train/bird/47905.png,bird,train
train/bird/48019.png,bird,train
train/bird/48234.png,bird,train
train/bird/48237.png,bird,train
train/bird/48347.png,bird,train
train/bird/48543.png,bird,train
train/bird/48616.png,bird,train
train/bird/49191.png,bird,train
train/bird/49290.png,bird,train
train/bird/49403.png,bird,train
train/bird/49437.png,bird,train
train/bird/49603.png,bird,train
train/bird/49635.png,bird,train
train/bird/49660.png,bird,train
train/dog/00010.png,dog,train
train/dog/00072.png,dog,train
train/dog/00099.png,dog,train
train/dog/00231.png,dog,train
train/dog/00301.png,dog,train
train/dog/00310.png,dog,train
train/dog/00337.png,dog,train
train/dog/00441.png,dog,train
train/dog/00519.png,dog,train
train/dog/00657.png,dog,train
train/dog/00689.png,dog,train
train/dog/01111.png,dog,train
train/dog/01132.png,dog,train
train/dog/01234.png,dog,train
train/dog/01273.png,dog,train
train/dog/01376.png,dog,train
train/dog/01485.png,dog,train
train/dog/01631.png,dog,train
train/dog/01650.png,dog,train
train/dog/01864.png,dog,train
train/dog/02001.png,dog,train
train/dog/02333.png,dog,train
train/dog/02747.png,dog,train
train/dog/02780.png,dog,train
train/dog/02795.png,dog,train
train/dog/02805.png,dog,train
train/dog/02817.png,dog,train
train/dog/02889.png,dog,train
train/dog/02906.png,dog,train
train/dog/02919.png,dog,train
train/dog/02957.png,dog,train
train/dog/03161.png,dog,train
train/dog/03283.png,dog,train
train/dog/03297.png,dog,train
train/dog/03304.png,dog,train
train/dog/03338.png,dog,train
train/dog/03576.png,dog,train
train/dog/03579.png,dog,train
train/dog/03891.png,dog,train
train/dog/04008.png,dog,train
train/dog/04048.png,dog,train
train/dog/04054.png,dog,train
train/dog/04059.png,dog,train
train/dog/04084.png,dog,train
train/dog/04133.png,dog,train
train/dog/04207.png,dog,train
train/dog/04323.png,dog,train
train/dog/04524.png,dog,train
train/dog/04534.png,dog,train
train/dog/04551.png,dog,train
train/dog/04877.png,dog,train
train/dog/04941.png,dog,train
train/dog/04972.png,dog,train
train/dog/05044.png,dog,train
train/dog/05125.png,dog,train
train/dog/05334.png,dog,train
train/dog/05409.png,dog,train
train/dog/05424.png,dog,train
train/dog/05487.png,dog,train
train/dog/05507.png,dog,train
train/dog/05660.png,dog,train
train/dog/05752.png,dog,train
train/dog/05964.png,dog,train
train/dog/06041.png,dog,train
train/dog/06075.png,dog,train
train/dog/06673.png,dog,train
train/dog/06692.png,dog,train
train/dog/06810.png,dog,train
train/dog/06830.png,dog,train
train/dog/06944.png,dog,train
train/dog/07086.png,dog,train
train/dog/07101.png,dog,train
train/dog/07114.png,dog,train
train/dog/07169.png,dog,train
train/dog/07184.png,dog,train
train/dog/07312.png,dog,train
train/dog/07381.png,dog,train
train/dog/07436.png,dog,train
train/dog/07486.png,dog,train
train/dog/07501.png,dog,train
train/dog/07708.png,dog,train
train/dog/07815.png,dog,train
train/dog/08059.png,dog,train
train/dog/08079.png,dog,train
train/dog/08160.png,dog,train
train/dog/08210.png,dog,train
train/dog/08272.png,dog,train
train/dog/08346.png,dog,train
train/dog/08385.png,dog,train
train/dog/08692.png,dog,train
train/dog/08696.png,dog,train
train/dog/08860.png,dog,train
train/dog/08882.png,dog,train
train/dog/09066.png,dog,train
train/dog/09131.png,dog,train
train/dog/09642.png,dog,train
train/dog/09660.png,dog,train
train/dog/09733.png,dog,train
train/dog/09869.png,dog,train
train/dog/10090.png,dog,train
train/dog/10178.png,dog,train
train/dog/10201.png,dog,train
train/dog/10320.png,dog,train
train/dog/10361.png,dog,train
train/dog/10732.png,dog,train
train/dog/11130.png,dog,train
train/dog/11179.png,dog,train
train/dog/11235.png,dog,train
train/dog/11669.png,dog,train
train/dog/11726.png,dog,train
train/dog/11858.png,dog,train
train/dog/12158.png,dog,train
train/dog/12174.png,dog,train
train/dog/12224.png,dog,train
train/dog/12423.png,dog,train
train/dog/12879.png,dog,train
train/dog/12937.png,dog,train
train/dog/12941.png,dog,train
train/dog/13173.png,dog,train
train/dog/13185.png,dog,train
train/dog/13273.png,dog,train
train/dog/13360.png,dog,train
train/dog/13432.png,dog,train
train/dog/13448.png,dog,train
train/dog/13503.png,dog,train
train/dog/14243.png,dog,train
train/dog/14353.png,dog,train
train/dog/14546.png,dog,train
train/dog/14637.png,dog,train
train/dog/14822.png,dog,train
train/dog/14890.png,dog,train
train/dog/15202.png,dog,train
train/dog/15284.png,dog,train
train/dog/15287.png,dog,train
train/dog/15662.png,dog,train
train/dog/15670.png,dog,train
train/dog/15707.png,dog,train
train/dog/15751.png,dog,train
train/dog/15875.png,dog,train
train/dog/16095.png,dog,train
train/dog/16194.png,dog,train
train/dog/16418.png,dog,train
train/dog/16543.png,dog,train
train/dog/16785.png,dog,train
train/dog/16804.png,dog,train
train/dog/16884.png,dog,train
train/dog/17188.png,dog,train
train/dog/17289.png,dog,train
train/dog/17300.png,dog,train
train/dog/17377.png,dog,train
train/dog/17445.png,dog,train
train/dog/17530.png,dog,train
train/dog/17633.png,dog,train
train/dog/17690.png,dog,train
train/dog/17701.png,dog,train
train/dog/17805.png,dog,train
train/dog/17819.png,dog,train
train/dog/17885.png,dog,train
train/dog/17945.png,dog,train
train/dog/17968.png,dog,train
train/dog/18263.png,dog,train
train/dog/18629.png,dog,train
train/dog/18718.png,dog,train
train/dog/18967.png,dog,train
train/dog/19040.png,dog,train
train/dog/19061.png,dog,train
train/dog/19463.png,dog,train
train/dog/19474.png,dog,train
train/dog/19482.png,dog,train
train/dog/19615.png,dog,train
train/dog/19631.png,dog,train
train/dog/19760.png,dog,train
train/dog/19769.png,dog,train
train/dog/19832.png,dog,train
train/dog/19969.png,dog,train
train/dog/20072.png,dog,train
train/dog/20566.png,dog,train
train/dog/20768.png,dog,train
train/dog/20800.png,dog,train
train/dog/20878.png,dog,train
train/dog/20995.png,dog,train
train/dog/21004.png,dog,train
train/dog/21155.png,dog,train
train/dog/21185.png,dog,train
train/dog/21217.png,dog,train
train/dog/21298.png,dog,train
train/dog/21322.png,dog,train
train/dog/21462.png,dog,train
train/dog/21463.png,dog,train
train/dog/21725.png,dog,train
train/dog/22349.png,dog,train
train/dog/22390.png,dog,train
train/dog/22515.png,dog,train
train/dog/22649.png,dog,train
train/dog/22682.png,dog,train
train/dog/22734.png,dog,train
train/dog/22825.png,dog,train
train/dog/22908.png,dog,train
train/dog/23097.png,dog,train
train/dog/23111.png,dog,train
train/dog/23173.png,dog,train
train/dog/23392.png,dog,train
train/dog/23405.png,dog,train
train/dog/23528.png,dog,train
train/dog/23598.png,dog,train
train/dog/24221.png,dog,train
train/dog/24298.png,dog,train
train/dog/24465.png,dog,train
train/dog/24677.png,dog,train
train/dog/24691.png,dog,train
train/dog/24881.png,dog,train
train/dog/25032.png,dog,train
train/dog/25340.png,dog,train
train/dog/25354.png,dog,train
train/dog/25449.png,dog,train
train/dog/25527.png,dog,train
train/dog/25701.png,dog,train
train/dog/25713.png,dog,train
train/dog/25894.png,dog,train
train/dog/25987.png,dog,train
train/dog/26247.png,dog,train
train/dog/26269.png,dog,train
train/dog/26544.png,dog,train
train/dog/26578.png,dog,train
train/dog/26580.png,dog,train
train/dog/26797.png,dog,train
train/dog/26823.png,dog,train
train/dog/26852.png,dog,train
train/dog/26896.png,dog,train
train/dog/26949.png,dog,train
train/dog/27121.png,dog,train
train/dog/27175.png,dog,train
train/dog/27305.png,dog,train
train/dog/27392.png,dog,train
train/dog/27595.png,dog,train
train/dog/27773.png,dog,train
train/dog/27855.png,dog,train
train/dog/28176.png,dog,train
train/dog/28230.png,dog,train
train/dog/28416.png,dog,train
train/dog/28463.png,dog,train
train/dog/28563.png,dog,train
train/dog/28581.png,dog,train
train/dog/28687.png,dog,train
train/dog/28758.png,dog,train
train/dog/28894.png,dog,train
train/dog/28934.png,dog,train
train/dog/29007.png,dog,train
train/dog/29023.png,dog,train
train/dog/29071.png,dog,train
train/dog/29150.png,dog,train
train/dog/29274.png,dog,train
train/dog/29437.png,dog,train
train/dog/29596.png,dog,train
train/dog/29602.png,dog,train
train/dog/29683.png,dog,train
train/dog/29735.png,dog,train
train/dog/29754.png,dog,train
train/dog/30044.png,dog,train
train/dog/30151.png,dog,train
train/dog/30154.png,dog,train
train/dog/30430.png,dog,train
train/dog/30434.png,dog,train
train/dog/30477.png,dog,train
train/dog/30697.png,dog,train
train/dog/30763.png,dog,train
train/dog/30800.png,dog,train
train/dog/30932.png,dog,train
train/dog/31175.png,dog,train
train/dog/31367.png,dog,train
train/dog/31376.png,dog,train
train/dog/31420.png,dog,train
train/dog/31425.png,dog,train
train/dog/31480.png,dog,train
train/dog/31501.png,dog,train
train/dog/31687.png,dog,train
train/dog/31697.png,dog,train
train/dog/31720.png,dog,train
train/dog/31886.png,dog,train
train/dog/31928.png,dog,train
train/dog/32016.png,dog,train
train/dog/32100.png,dog,train
train/dog/32194.png,dog,train
train/dog/32505.png,dog,train
train/dog/32820.png,dog,train
train/dog/33005.png,dog,train
train/dog/33058.png,dog,train
train/dog/33189.png,dog,train
train/dog/33275.png,dog,train
train/dog/33315.png,dog,train
train/dog/33345.png,dog,train
train/dog/33446.png,dog,train
train/dog/33495.png,dog,train
train/dog/33590.png,dog,train
train/dog/33654.png,dog,train
train/dog/33801.png,dog,train
train/dog/34021.png,dog,train
train/dog/34160.png,dog,train
train/dog/34179.png,dog,train
train/dog/34237.png,dog,train
train/dog/34345.png,dog,train
train/dog/34632.png,dog,train
train/dog/34667.png,dog,train
train/dog/34899.png,dog,train
train/dog/34903.png,dog,train
train/dog/35108.png,dog,train
train/dog/35870.png,dog,train
train/dog/35891.png,dog,train
train/dog/35941.png,dog,train
train/dog/35960.png,dog,train
train/dog/35983.png,dog,train
train/dog/36329.png,dog,train
train/dog/36532.png,dog,train
train/dog/36608.png,dog,train
train/dog/36924.png,dog,train
train/dog/37011.png,dog,train
train/dog/37043.png,dog,train
train/dog/37173.png,dog,train
train/dog/37351.png,dog,train
train/dog/37388.png,dog,train
train/dog/37485.png,dog,train
train/dog/37661.png,dog,train
train/dog/37688.png,dog,train
train/dog/37773.png,dog,train
train/dog/37781.png,dog,train
train/dog/37815.png,dog,train
train/dog/37929.png,dog,train
train/dog/38050.png,dog,train
train/dog/38403.png,dog,train
train/dog/38412.png,dog,train
train/dog/38708.png,dog,train
train/dog/39301.png,dog,train
train/dog/39531.png,dog,train
train/dog/39547.png,dog,train
train/dog/39548.png,dog,train
train/dog/39884.png,dog,train
train/dog/39938.png,dog,train
train/dog/40182.png,dog,train
train/dog/40198.png,dog,train
train/dog/40374.png,dog,train
train/dog/40380.png,dog,train
train/dog/40732.png,dog,train
train/dog/40814.png,dog,train
train/dog/40839.png,dog,train
train/dog/41096.png,dog,train
train/dog/41346.png,dog,train
train/dog/41636.png,dog,train
train/dog/41873.png,dog,train
train/dog/41983.png,dog,train
train/dog/42081.png,dog,train
train/dog/43132.png,dog,train
train/dog/43453.png,dog,train
train/dog/43498.png,dog,train
train/dog/43667.png,dog,train
train/dog/43751.png,dog,train
train/dog/43752.png,dog,train
train/dog/43916.png,dog,train
train/dog/44002.png,dog,train
train/dog/44316.png,dog,train
train/dog/44698.png,dog,train
train/dog/44733.png,dog,train
train/dog/44844.png,dog,train
train/dog/44850.png,dog,train
train/dog/44893.png,dog,train
train/dog/44922.png,dog,train
train/dog/45039.png,dog,train
train/dog/45090.png,dog,train
train/dog/45379.png,dog,train
train/dog/45645.png,dog,train
train/dog/45651.png,dog,train
train/dog/45832.png,dog,train
train/dog/46017.png,dog,train
train/dog/46033.png,dog,train
train/dog/46131.png,dog,train
train/dog/46220.png,dog,train
train/dog/47208.png,dog,train
train/dog/47280.png,dog,train
train/dog/47354.png,dog,train
train/dog/47476.png,dog,train
train/dog/47864.png,dog,train
train/dog/47921.png,dog,train
train/dog/48198.png,dog,train
train/dog/48239.png,dog,train
train/dog/48252.png,dog,train
train/dog/48276.png,dog,train
train/dog/48291.png,dog,train
train/dog/48353.png,dog,train
train/dog/48584.png,dog,train
train/dog/48671.png,dog,train
train/dog/48954.png,dog,train
train/dog/48960.png,dog,train
train/dog/48964.png,dog,train
train/dog/49537.png,dog,train
train/dog/49594.png,dog,train
train/dog/49607.png,dog,train
train/dog/49746.png,dog,train
train/dog/49748.png,dog,train
train/dog/49832.png,dog,train
train/dog/49867.png,dog,train
train/dog/49948.png,dog,train
train/frog/00176.png,frog,train
train/frog/00336.png,frog,train
train/frog/00494.png,frog,train
train/frog/00496.png,frog,train
train/frog/00833.png,frog,train
train/frog/00982.png,frog,train
train/frog/01118.png,frog,train
train/frog/01139.png,frog,train
train/frog/01140.png,frog,train
train/frog/01181.png,frog,train
train/frog/01373.png,frog,train
train/frog/01384.png,frog,train
train/frog/01408.png,frog,train
train/frog/01430.png,frog,train
train/frog/01466.png,frog,train
train/frog/01558.png,frog,train
train/frog/01575.png,frog,train
train/frog/01685.png,frog,train
train/frog/01792.png,frog,train
train/frog/01858.png,frog,train
train/frog/01933.png,frog,train
train/frog/02125.png,frog,train
train/frog/02174.png,frog,train
train/frog/02396.png,frog,train
train/frog/02497.png,frog,train
train/frog/02572.png,frog,train
train/frog/02694.png,frog,train
train/frog/02869.png,frog,train
train/frog/03060.png,frog,train
train/frog/03627.png,frog,train
train/frog/03726.png,frog,train
train/frog/03759.png,frog,train
train/frog/03848.png,frog,train
train/frog/03938.png,frog,train
train/frog/04020.png,frog,train
train/frog/04076.png,frog,train
train/frog/04324.png,frog,train
train/frog/04368.png,frog,train
train/frog/04564.png,frog,train
train/frog/04612.png,frog,train
train/frog/04694.png,frog,train
train/frog/04820.png,frog,train
train/frog/05099.png,frog,train
train/frog/05114.png,frog,train
train/frog/05123.png,frog,train
train/frog/05222.png,frog,train
train/frog/05620.png,frog,train
train/frog/05903.png,frog,train
train/frog/05977.png,frog,train
train/frog/06023.png,frog,train
train/frog/06089.png,frog,train
train/frog/06290.png,frog,train
train/frog/06365.png,frog,train
train/frog/06380.png,frog,train
train/frog/06419.png,frog,train
train/frog/06613.png,frog,train
train/frog/06716.png,frog,train
train/frog/07045.png,frog,train
train/frog/07356.png,frog,train
train/frog/07593.png,frog,train
train/frog/07638.png,frog,train
train/frog/07748.png,frog,train
train/frog/07887.png,frog,train
train/frog/07926.png,frog,train
train/frog/07992.png,frog,train
train/frog/08137.png,frog,train
train/frog/08318.png,frog,train
train/frog/08397.png,frog,train
train/frog/08461.png,frog,train
train/frog/08508.png,frog,train
train/frog/08534.png,frog,train
train/frog/08771.png,frog,train
train/frog/09010.png,frog,train
train/frog/09134.png,frog,train
train/frog/09190.png,frog,train
train/frog/09224.png,frog,train
train/frog/09258.png,frog,train
train/frog/09512.png,frog,train
train/frog/09842.png,frog,train
train/frog/09938.png,frog,train
train/frog/10071.png,frog,train
train/frog/10115.png,frog,train
train/frog/10293.png,frog,train
train/frog/10297.png,frog,train
train/frog/10324.png,frog,train
train/frog/10384.png,frog,train
train/frog/10687.png,frog,train
train/frog/10814.png,frog,train
train/frog/10993.png,frog,train
train/frog/11024.png,frog,train
train/frog/11072.png,frog,train
train/frog/11581.png,frog,train
train/frog/11763.png,frog,train
train/frog/11790.png,frog,train
train/frog/11806.png,frog,train
train/frog/12353.png,frog,train
train/frog/12428.png,frog,train
train/frog/12631.png,frog,train
train/frog/13130.png,frog,train
train/frog/13154.png,frog,train
train/frog/13269.png,frog,train
train/frog/13328.png,frog,train
train/frog/13406.png,frog,train
train/frog/13458.png,frog,train
train/frog/13542.png,frog,train
train/frog/13708.png,frog,train
train/frog/13780.png,frog,train
train/frog/13878.png,frog,train
train/frog/13912.png,frog,train
train/frog/13939.png,frog,train
train/frog/14298.png,frog,train
train/frog/14401.png,frog,train
train/frog/14531.png,frog,train
train/frog/14626.png,frog,train
train/frog/14672.png,frog,train
train/frog/14781.png,frog,train
train/frog/14972.png,frog,train
train/frog/15035.png,frog,train
train/frog/15168.png,frog,train
train/frog/15234.png,frog,train
train/frog/15416.png,frog,train
train/frog/15473.png,frog,train
train/frog/15819.png,frog,train
train/frog/15878.png,frog,train
train/frog/15914.png,frog,train
train/frog/16042.png,frog,train
train/frog/16054.png,frog,train
train/frog/16103.png,frog,train
train/frog/16151.png,frog,train
train/frog/16157.png,frog,train
train/frog/16197.png,frog,train
train/frog/16333.png,frog,train
train/frog/16340.png,frog,train
train/frog/16513.png,frog,train
train/frog/16727.png,frog,train
train/frog/16872.png,frog,train
train/frog/17087.png,frog,train
train/frog/17164.png,frog,train
train/frog/17218.png,frog,train
train/frog/17376.png,frog,train
train/frog/17478.png,frog,train
train/frog/17739.png,frog,train
train/frog/17872.png,frog,train
train/frog/17928.png,frog,train
train/frog/18254.png,frog,train
train/frog/18367.png,frog,train
train/frog/18421.png,frog,train
train/frog/18494.png,frog,train
train/frog/18943.png,frog,train
train/frog/18986.png,frog,train
train/frog/18992.png,frog,train
train/frog/19107.png,frog,train
train/frog/19233.png,frog,train
train/frog/19279.png,frog,train
train/frog/19360.png,frog,train
train/frog/19572.png,frog,train
train/frog/19838.png,frog,train
train/frog/20012.png,frog,train
train/frog/20117.png,frog,train
train/frog/20227.png,frog,train
train/frog/20357.png,frog,train
train/frog/20374.png,frog,train
train/frog/20563.png,frog,train
train/frog/20738.png,frog,train
train/frog/20909.png,frog,train
train/frog/20936.png,frog,train
train/frog/21113.png,frog,train
train/frog/21246.png,frog,train
train/frog/21408.png,frog,train
train/frog/21432.png,frog,train
train/frog/21584.png,frog,train
train/frog/21784.png,frog,train
train/frog/21875.png,frog,train
train/frog/21917.png,frog,train
train/frog/21999.png,frog,train
train/frog/22240.png,frog,train
train/frog/22339.png,frog,train
train/frog/22550.png,frog,train
train/frog/22788.png,frog,train
train/frog/22850.png,frog,train
train/frog/22906.png,frog,train
train/frog/23137.png,frog,train
train/frog/23184.png,frog,train
train/frog/23335.png,frog,train
train/frog/23383.png,frog,train
train/frog/23390.png,frog,train
train/frog/23432.png,frog,train
train/frog/23515.png,frog,train
train/frog/23736.png,frog,train
train/frog/23756.png,frog,train
train/frog/24163.png,frog,train
train/frog/24257.png,frog,train
train/frog/24342.png,frog,train
train/frog/24457.png,frog,train
train/frog/24553.png,frog,train
train/frog/24772.png,frog,train
train/frog/24864.png,frog,train
train/frog/24889.png,frog,train
train/frog/24951.png,frog,train
train/frog/24973.png,frog,train
train/frog/25338.png,frog,train
train/frog/25387.png,frog,train
train/frog/25536.png,frog,train
train/frog/25762.png,frog,train
train/frog/25800.png,frog,train
train/frog/25805.png,frog,train
train/frog/25902.png,frog,train
train/frog/26337.png,frog,train
train/frog/26409.png,frog,train
train/frog/26475.png,frog,train
train/frog/26562.png,frog,train
train/frog/26663.png,frog,train
train/frog/26794.png,frog,train
train/frog/27025.png,frog,train
train/frog/27427.png,frog,train
train/frog/27484.png,frog,train
train/frog/27536.png,frog,train
train/frog/27596.png,frog,train
train/frog/27724.png,frog,train
train/frog/27776.png,frog,train
train/frog/27810.png,frog,train
train/frog/27952.png,frog,train
train/frog/27988.png,frog,train
train/frog/28173.png,frog,train
train/frog/28208.png,frog,train
train/frog/28265.png,frog,train
train/frog/28433.png,frog,train
train/frog/28595.png,frog,train
train/frog/28676.png,frog,train
train/frog/28904.png,frog,train
train/frog/28944.png,frog,train
train/frog/29087.png,frog,train
train/frog/29228.png,frog,train
train/frog/29508.png,frog,train
train/frog/29545.png,frog,train
train/frog/29646.png,frog,train
train/frog/29675.png,frog,train
train/frog/29763.png,frog,train
train/frog/29767.png,frog,train
train/frog/29870.png,frog,train
train/frog/29907.png,frog,train
train/frog/29984.png,frog,train
train/frog/30031.png,frog,train
train/frog/30035.png,frog,train
train/frog/30041.png,frog,train
train/frog/30142.png,frog,train
train/frog/30323.png,frog,train
train/frog/30357.png,frog,train
train/frog/30725.png,frog,train
train/frog/30755.png,frog,train
train/frog/30767.png,frog,train
train/frog/30929.png,frog,train
train/frog/30946.png,frog,train
train/frog/31275.png,frog,train
train/frog/31290.png,frog,train
train/frog/31293.png,frog,train
train/frog/31326.png,frog,train
train/frog/31558.png,frog,train
train/frog/31916.png,frog,train
train/frog/32079.png,frog,train
train/frog/32209.png,frog,train
train/frog/32460.png,frog,train
train/frog/32679.png,frog,train
train/frog/32791.png,frog,train
train/frog/32859.png,frog,train
train/frog/32873.png,frog,train
train/frog/33268.png,frog,train
train/frog/33353.png,frog,train
train/frog/33380.png,frog,train
train/frog/33392.png,frog,train
train/frog/33561.png,frog,train
train/frog/33603.png,frog,train
train/frog/33697.png,frog,train
train/frog/33905.png,frog,train
train/frog/34028.png,frog,train
train/frog/34077.png,frog,train
train/frog/34244.png,frog,train
train/frog/34817.png,frog,train
train/frog/34862.png,frog,train
train/frog/34872.png,frog,train
train/frog/34985.png,frog,train
train/frog/35039.png,frog,train
train/frog/35135.png,frog,train
train/frog/35149.png,frog,train
train/frog/35225.png,frog,train
train/frog/35430.png,frog,train
train/frog/35524.png,frog,train
train/frog/35526.png,frog,train
train/frog/35543.png,frog,train
train/frog/35836.png,frog,train
train/frog/35878.png,frog,train
train/frog/35889.png,frog,train
train/frog/36050.png,frog,train
train/frog/36052.png,frog,train
train/frog/36066.png,frog,train
train/frog/36126.png,frog,train
train/frog/36256.png,frog,train
train/frog/36306.png,frog,train
train/frog/36379.png,frog,train
train/frog/36609.png,frog,train
train/frog/36868.png,frog,train
train/frog/36885.png,frog,train
train/frog/36905.png,frog,train
train/frog/36913.png,frog,train
train/frog/37222.png,frog,train
train/frog/37361.png,frog,train
train/frog/37472.png,frog,train
train/frog/37497.png,frog,train
train/frog/37567.png,frog,train
train/frog/37600.png,frog,train
train/frog/37712.png,frog,train
train/frog/38396.png,frog,train
train/frog/38512.png,frog,train
train/frog/38565.png,frog,train
train/frog/38658.png,frog,train
train/frog/38747.png,frog,train
train/frog/38913.png,frog,train
train/frog/39062.png,frog,train
train/frog/39210.png,frog,train
train/frog/39351.png,frog,train
train/frog/39516.png,frog,train
train/frog/39639.png,frog,train
train/frog/39771.png,frog,train
train/frog/39808.png,frog,train
train/frog/40103.png,frog,train
train/frog/40117.png,frog,train
train/frog/40249.png,frog,train
train/frog/40347.png,frog,train
train/frog/40361.png,frog,train
train/frog/40488.png,frog,train
train/frog/40556.png,frog,train
train/frog/40655.png,frog,train
train/frog/40680.png,frog,train
train/frog/40738.png,frog,train
train/frog/40929.png,frog,train
train/frog/41259.png,frog,train
train/frog/41403.png,frog,train
train/frog/41766.png,frog,train
train/frog/42040.png,frog,train
train/frog/42111.png,frog,train
train/frog/42124.png,frog,train
train/frog/42252.png,frog,train
train/frog/42409.png,frog,train
train/frog/42494.png,frog,train
train/frog/42583.png,frog,train
train/frog/42605.png,frog,train
train/frog/42650.png,frog,train
train/frog/42653.png,frog,train
train/frog/42810.png,frog,train
train/frog/43010.png,frog,train
train/frog/43095.png,frog,train
train/frog/43227.png,frog,train
train/frog/43243.png,frog,train
train/frog/43686.png,frog,train
train/frog/43783.png,frog,train
train/frog/43833.png,frog,train
train/frog/44064.png,frog,train
train/frog/44284.png,frog,train
train/frog/44391.png,frog,train
train/frog/44403.png,frog,train
train/frog/44434.png,frog,train
train/frog/44789.png,frog,train
train/frog/44980.png,frog,train
train/frog/45059.png,frog,train
train/frog/45085.png,frog,train
train/frog/45169.png,frog,train
train/frog/45375.png,frog,train
train/frog/45402.png,frog,train
train/frog/45419.png,frog,train
train/frog/45474.png,frog,train
train/frog/45508.png,frog,train
train/frog/45596.png,frog,train
train/frog/45785.png,frog,train
train/frog/45900.png,frog,train
train/frog/46179.png,frog,train
train/frog/46454.png,frog,train
train/frog/46526.png,frog,train
train/frog/46551.png,frog,train
train/frog/46599.png,frog,train
train/frog/46664.png,frog,train
train/frog/46712.png,frog,train
train/frog/46722.png,frog,train
train/frog/46750.png,frog,train
train/frog/46824.png,frog,train
train/frog/47084.png,frog,train
train/frog/47190.png,frog,train
train/frog/47239.png,frog,train
train/frog/47272.png,frog,train
train/frog/47575.png,frog,train
train/frog/47958.png,frog,train
train/frog/48431.png,frog,train
train/frog/48651.png,frog,train
train/frog/48699.png,frog,train
train/frog/48891.png,frog,train
train/frog/49050.png,frog,train
train/frog/49142.png,frog,train
train/frog/49198.png,frog,train
train/frog/49238.png,frog,train
train/frog/49481.png,frog,train
train/frog/49551.png,frog,train
val/bird/00102.png,bird,val
val/bird/00111.png,bird,val
val/bird/00117.png,bird,val
val/bird/00403.png,bird,val
val/bird/00834.png,bird,val
val/bird/01307.png,bird,val
val/bird/02030.png,bird,val
val/bird/02437.png,bird,val
val/bird/03218.png,bird,val
val/bird/03771.png,bird,val
val/bird/04053.png,bird,val
val/bird/04885.png,bird,val
val/bird/05161.png,bird,val
val/bird/05255.png,bird,val
val/bird/05936.png,bird,val
val/bird/05958.png,bird,val
val/bird/06339.png,bird,val
val/bird/09339.png,bird,val
val/bird/09389.png,bird,val
val/bird/09847.png,bird,val
val/bird/10308.png,bird,val
val/bird/11399.png,bird,val
val/bird/11859.png,bird,val
val/bird/13014.png,bird,val
val/bird/14254.png,bird,val
val/bird/15018.png,bird,val
val/bird/15034.png,bird,val
val/bird/15912.png,bird,val
val/bird/16990.png,bird,val
val/bird/17169.png,bird,val
val/bird/17966.png,bird,val
val/bird/18443.png,bird,val
val/bird/19389.png,bird,val
val/bird/20756.png,bird,val
val/bird/20933.png,bird,val
val/bird/21650.png,bird,val
val/bird/22753.png,bird,val
val/bird/22945.png,bird,val
val/bird/23275.png,bird,val
val/bird/23286.png,bird,val
val/bird/23856.png,bird,val
val/bird/24078.png,bird,val
val/bird/24360.png,bird,val
val/bird/24835.png,bird,val
val/bird/24903.png,bird,val
val/bird/25173.png,bird,val
val/bird/25419.png,bird,val
val/bird/26593.png,bird,val
val/bird/27043.png,bird,val
val/bird/27122.png,bird,val
val/bird/28241.png,bird,val
val/bird/28248.png,bird,val
val/bird/28275.png,bird,val
val/bird/28612.png,bird,val
val/bird/28727.png,bird,val
val/bird/28888.png,bird,val
val/bird/28948.png,bird,val
val/bird/29806.png,bird,val
val/bird/29811.png,bird,val
val/bird/30281.png,bird,val
val/bird/30333.png,bird,val
val/bird/30566.png,bird,val
val/bird/30704.png,bird,val
val/bird/30716.png,bird,val
val/bird/30841.png,bird,val
val/bird/30860.png,bird,val
val/bird/32181.png,bird,val
val/bird/32269.png,bird,val
val/bird/33135.png,bird,val
val/bird/33680.png,bird,val
val/bird/34739.png,bird,val
val/bird/35223.png,bird,val
val/bird/35875.png,bird,val
val/bird/36214.png,bird,val
val/bird/36509.png,bird,val
val/bird/37371.png,bird,val
val/bird/37452.png,bird,val
val/bird/38287.png,bird,val
val/bird/38735.png,bird,val
val/bird/38951.png,bird,val
val/bird/40042.png,bird,val
val/bird/40502.png,bird,val
val/bird/40709.png,bird,val
val/bird/40832.png,bird,val
val/bird/41884.png,bird,val
val/bird/42938.png,bird,val
val/bird/43019.png,bird,val
val/bird/44342.png,bird,val
val/bird/44976.png,bird,val
val/bird/45087.png,bird,val
val/bird/46097.png,bird,val
val/bird/46616.png,bird,val
val/bird/46744.png,bird,val
val/bird/46963.png,bird,val
val/bird/47658.png,bird,val
val/bird/48065.png,bird,val
val/bird/48610.png,bird,val
val/bird/49114.png,bird,val
val/bird/49348.png,bird,val
val/bird/49350.png,bird,val
val/dog/00017.png,dog,val
val/dog/01582.png,dog,val
val/dog/02625.png,dog,val
val/dog/03056.png,dog,val
val/dog/04411.png,dog,val
val/dog/04935.png,dog,val
val/dog/05801.png,dog,val
val/dog/05892.png,dog,val
val/dog/06048.png,dog,val
val/dog/06104.png,dog,val
val/dog/07396.png,dog,val
val/dog/07610.png,dog,val
val/dog/07852.png,dog,val
val/dog/08258.png,dog,val
val/dog/08775.png,dog,val
val/dog/09029.png,dog,val
val/dog/10940.png,dog,val
val/dog/10952.png,dog,val
val/dog/11220.png,dog,val
val/dog/11494.png,dog,val
val/dog/11810.png,dog,val
val/dog/12338.png,dog,val
val/dog/12876.png,dog,val
val/dog/13316.png,dog,val
val/dog/13556.png,dog,val
val/dog/13668.png,dog,val
val/dog/14226.png,dog,val
val/dog/14763.png,dog,val
val/dog/15170.png,dog,val
val/dog/16143.png,dog,val
val/dog/16827.png,dog,val
val/dog/17689.png,dog,val
val/dog/19144.png,dog,val
val/dog/20270.png,dog,val
val/dog/20514.png,dog,val
val/dog/20669.png,dog,val
val/dog/20897.png,dog,val
val/dog/21094.png,dog,val
val/dog/21145.png,dog,val
val/dog/21933.png,dog,val
val/dog/22274.png,dog,val
val/dog/22514.png,dog,val
val/dog/23285.png,dog,val
val/dog/23610.png,dog,val
val/dog/24453.png,dog,val
val/dog/24965.png,dog,val
val/dog/25575.png,dog,val
val/dog/26236.png,dog,val
val/dog/26351.png,dog,val
val/dog/26524.png,dog,val
val/dog/27916.png,dog,val
val/dog/28346.png,dog,val
val/dog/28685.png,dog,val
val/dog/28764.png,dog,val
val/dog/28856.png,dog,val
val/dog/29012.png,dog,val
val/dog/29083.png,dog,val
val/dog/29663.png,dog,val
val/dog/29900.png,dog,val
val/dog/29958.png,dog,val
val/dog/31190.png,dog,val
val/dog/32317.png,dog,val
val/dog/33093.png,dog,val
val/dog/33338.png,dog,val
val/dog/34046.png,dog,val
val/dog/34211.png,dog,val
val/dog/34325.png,dog,val
val/dog/34337.png,dog,val
val/dog/34596.png,dog,val
val/dog/35051.png,dog,val
val/dog/37057.png,dog,val
val/dog/37602.png,dog,val
val/dog/37625.png,dog,val
val/dog/37672.png,dog,val
val/dog/37920.png,dog,val
val/dog/38193.png,dog,val
val/dog/38245.png,dog,val
val/dog/38537.png,dog,val
val/dog/38571.png,dog,val
val/dog/39729.png,dog,val
val/dog/39826.png,dog,val
val/dog/40157.png,dog,val
val/dog/40359.png,dog,val
val/dog/40750.png,dog,val
val/dog/40944.png,dog,val
val/dog/40988.png,dog,val
val/dog/40996.png,dog,val
val/dog/41088.png,dog,val
val/dog/41588.png,dog,val
val/dog/41661.png,dog,val
val/dog/42398.png,dog,val
val/dog/42686.png,dog,val
val/dog/43229.png,dog,val
val/dog/43619.png,dog,val
val/dog/44600.png,dog,val
val/dog/44990.png,dog,val
val/dog/45509.png,dog,val
val/dog/46580.png,dog,val
val/dog/49132.png,dog,val
val/dog/49642.png,dog,val
val/frog/00625.png,frog,val
val/frog/02240.png,frog,val
val/frog/03608.png,frog,val
val/frog/04288.png,frog,val
val/frog/04594.png,frog,val
val/frog/04740.png,frog,val
val/frog/04817.png,frog,val
val/frog/06564.png,frog,val
val/frog/07933.png,frog,val
val/frog/08309.png,frog,val
val/frog/08583.png,frog,val
val/frog/08843.png,frog,val
val/frog/09417.png,frog,val
val/frog/09630.png,frog,val
val/frog/09791.png,frog,val
val/frog/09814.png,frog,val
val/frog/10263.png,frog,val
val/frog/10482.png,frog,val
val/frog/11097.png,frog,val
val/frog/11216.png,frog,val
val/frog/11846.png,frog,val
val/frog/12029.png,frog,val
val/frog/12092.png,frog,val
val/frog/12266.png,frog,val
val/frog/12363.png,frog,val
val/frog/12735.png,frog,val
val/frog/13005.png,frog,val
val/frog/13050.png,frog,val
val/frog/13686.png,frog,val
val/frog/14231.png,frog,val
val/frog/14732.png,frog,val
val/frog/15067.png,frog,val
val/frog/15357.png,frog,val
val/frog/15678.png,frog,val
val/frog/15850.png,frog,val
val/frog/16063.png,frog,val
val/frog/16075.png,frog,val
val/frog/17379.png,frog,val
val/frog/17450.png,frog,val
val/frog/18203.png,frog,val
val/frog/18416.png,frog,val
val/frog/18481.png,frog,val
val/frog/18630.png,frog,val
val/frog/19123.png,frog,val
val/frog/19388.png,frog,val
val/frog/19687.png,frog,val
val/frog/19790.png,frog,val
val/frog/19965.png,frog,val
val/frog/20026.png,frog,val
val/frog/20113.png,frog,val
val/frog/20345.png,frog,val
val/frog/21644.png,frog,val
val/frog/22066.png,frog,val
val/frog/24131.png,frog,val
val/frog/25028.png,frog,val
val/frog/25232.png,frog,val
val/frog/25291.png,frog,val
val/frog/25351.png,frog,val
val/frog/28021.png,frog,val
val/frog/28050.png,frog,val
val/frog/28656.png,frog,val
val/frog/28724.png,frog,val
val/frog/29138.png,frog,val
val/frog/29707.png,frog,val
val/frog/30437.png,frog,val
val/frog/31796.png,frog,val
val/frog/33070.png,frog,val
val/frog/34274.png,frog,val
val/frog/34650.png,frog,val
val/frog/34675.png,frog,val
val/frog/35180.png,frog,val
val/frog/35295.png,frog,val
val/frog/36307.png,frog,val
val/frog/36835.png,frog,val
val/frog/37578.png,frog,val
val/frog/38819.png,frog,val
val/frog/38947.png,frog,val
val/frog/39212.png,frog,val
val/frog/39949.png,frog,val
val/frog/40125.png,frog,val
val/frog/40721.png,frog,val
val/frog/41035.png,frog,val
val/frog/42050.png,frog,val
val/frog/42479.png,frog,val
val/frog/42596.png,frog,val
val/frog/43861.png,frog,val
val/frog/44194.png,frog,val
val/frog/44668.png,frog,val
val/frog/44805.png,frog,val
val/frog/45353.png,frog,val
val/frog/46096.png,frog,val
val/frog/46290.png,frog,val
val/frog/46367.png,frog,val
val/frog/47247.png,frog,val
val/frog/47252.png,frog,val
val/frog/47918.png,frog,val
val/frog/48557.png,frog,val
val/frog/48611.png,frog,val
val/frog/48991.png,frog,val
val/frog/49769.png,frog,val
test/bird/00067.png,bird,test
test/bird/00118.png,bird,test
test/bird/00147.png,bird,test
test/bird/00156.png,bird,test
test/bird/00219.png,bird,test
test/bird/00307.png,bird,test
test/bird/00374.png,bird,test
test/bird/00497.png,bird,test
test/bird/00548.png,bird,test
test/bird/00618.png,bird,test
test/bird/00748.png,bird,test
test/bird/00775.png,bird,test
test/bird/00843.png,bird,test
test/bird/00877.png,bird,test
test/bird/00972.png,bird,test
test/bird/01039.png,bird,test
test/bird/01297.png,bird,test
test/bird/01348.png,bird,test
test/bird/01356.png,bird,test
test/bird/01496.png,bird,test
test/bird/01528.png,bird,test
test/bird/01547.png,bird,test
test/bird/01575.png,bird,test
test/bird/01610.png,bird,test
test/bird/01768.png,bird,test
test/bird/01870.png,bird,test
test/bird/01920.png,bird,test
test/bird/01942.png,bird,test
test/bird/02065.png,bird,test
test/bird/02082.png,bird,test
test/bird/02097.png,bird,test
test/bird/02114.png,bird,test
test/bird/02123.png,bird,test
test/bird/02189.png,bird,test
test/bird/02210.png,bird,test
test/bird/02212.png,bird,test
test/bird/02221.png,bird,test
test/bird/02226.png,bird,test
test/bird/02331.png,bird,test
test/bird/02339.png,bird,test
test/bird/02551.png,bird,test
test/bird/02918.png,bird,test
test/bird/03147.png,bird,test
test/bird/03281.png,bird,test
test/bird/03401.png,bird,test
test/bird/03468.png,bird,test
test/bird/03541.png,bird,test
test/bird/03710.png,bird,test
test/bird/03816.png,bird,test
test/bird/04034.png,bird,test
test/bird/04075.png,bird,test
test/bird/04204.png,bird,test
test/bird/04208.png,bird,test
test/bird/04221.png,bird,test
test/bird/04299.png,bird,test
test/bird/04319.png,bird,test
test/bird/04438.png,bird,test
test/bird/04491.png,bird,test
test/bird/04630.png,bird,test
test/bird/04729.png,bird,test
test/bird/05022.png,bird,test
test/bird/05042.png,bird,test
test/bird/05258.png,bird,test
test/bird/05362.png,bird,test
test/bird/05401.png,bird,test
test/bird/05738.png,bird,test
test/bird/06073.png,bird,test
test/bird/06170.png,bird,test
test/bird/06232.png,bird,test
test/bird/06270.png,bird,test
test/bird/06272.png,bird,test
test/bird/06312.png,bird,test
test/bird/06359.png,bird,test
test/bird/06457.png,bird,test
test/bird/06595.png,bird,test
test/bird/06599.png,bird,test
test/bird/06703.png,bird,test
test/bird/06939.png,bird,test
test/bird/07065.png,bird,test
test/bird/07068.png,bird,test
test/bird/07108.png,bird,test
test/bird/07312.png,bird,test
test/bird/07348.png,bird,test
test/bird/07558.png,bird,test
test/bird/07649.png,bird,test
test/bird/07721.png,bird,test
test/bird/07775.png,bird,test
test/bird/08209.png,bird,test
test/bird/08493.png,bird,test
test/bird/08631.png,bird,test
test/bird/08646.png,bird,test
test/bird/08845.png,bird,test
test/bird/08967.png,bird,test
test/bird/09234.png,bird,test
test/bird/09366.png,bird,test
test/bird/09503.png,bird,test
test/bird/09543.png,bird,test
test/bird/09603.png,bird,test
test/bird/09731.png,bird,test
test/bird/09893.png,bird,test
test/dog/00024.png,dog,test
test/dog/00155.png,dog,test
test/dog/00239.png,dog,test
test/dog/00319.png,dog,test
test/dog/00478.png,dog,test
test/dog/00502.png,dog,test
test/dog/00551.png,dog,test
test/dog/01025.png,dog,test
test/dog/01239.png,dog,test
test/dog/01276.png,dog,test
test/dog/01536.png,dog,test
test/dog/01588.png,dog,test
test/dog/01701.png,dog,test
test/dog/01752.png,dog,test
test/dog/01793.png,dog,test
test/dog/01807.png,dog,test
test/dog/02037.png,dog,test
test/dog/02060.png,dog,test
test/dog/02172.png,dog,test
test/dog/02317.png,dog,test
test/dog/02414.png,dog,test
test/dog/02801.png,dog,test
test/dog/02845.png,dog,test
test/dog/02860.png,dog,test
test/dog/02861.png,dog,test
test/dog/02942.png,dog,test
test/dog/03137.png,dog,test
test/dog/03142.png,dog,test
test/dog/03287.png,dog,test
test/dog/03381.png,dog,test
test/dog/03424.png,dog,test
test/dog/03432.png,dog,test
test/dog/03434.png,dog,test
test/dog/03451.png,dog,test
test/dog/03546.png,dog,test
test/dog/03622.png,dog,test
test/dog/03669.png,dog,test
test/dog/03945.png,dog,test
test/dog/03954.png,dog,test
test/dog/04048.png,dog,test
test/dog/04078.png,dog,test
test/dog/04406.png,dog,test
test/dog/04420.png,dog,test
test/dog/04626.png,dog,test
test/dog/04887.png,dog,test
test/dog/04907.png,dog,test
test/dog/04998.png,dog,test
test/dog/05035.png,dog,test
test/dog/05047.png,dog,test
test/dog/05130.png,dog,test
test/dog/05178.png,dog,test
test/dog/05186.png,dog,test
test/dog/05251.png,dog,test
test/dog/05271.png,dog,test
test/dog/05473.png,dog,test
test/dog/05642.png,dog,test
test/dog/05647.png,dog,test
test/dog/05673.png,dog,test
test/dog/05796.png,dog,test
test/dog/05810.png,dog,test
test/dog/05828.png,dog,test
test/dog/06257.png,dog,test
test/dog/06527.png,dog,test
test/dog/06535.png,dog,test
test/dog/06564.png,dog,test
test/dog/06674.png,dog,test
test/dog/06683.png,dog,test
test/dog/06823.png,dog,test
test/dog/06835.png,dog,test
test/dog/06837.png,dog,test
test/dog/06869.png,dog,test
test/dog/06920.png,dog,test
test/dog/07027.png,dog,test
test/dog/07372.png,dog,test
test/dog/07386.png,dog,test
test/dog/07421.png,dog,test
test/dog/07433.png,dog,test
test/dog/07460.png,dog,test
test/dog/07620.png,dog,test
test/dog/07673.png,dog,test
test/dog/07741.png,dog,test
test/dog/07804.png,dog,test
test/dog/07828.png,dog,test
test/dog/08147.png,dog,test
test/dog/08597.png,dog,test
test/dog/08619.png,dog,test
test/dog/08630.png,dog,test
test/dog/08789.png,dog,test
test/dog/08847.png,dog,test
test/dog/08997.png,dog,test
test/dog/09041.png,dog,test
test/dog/09107.png,dog,test
test/dog/09155.png,dog,test
test/dog/09160.png,dog,test
test/dog/09188.png,dog,test
test/dog/09257.png,dog,test
test/dog/09311.png,dog,test
test/dog/09477.png,dog,test
test/dog/09844.png,dog,test
test/dog/09928.png,dog,test
test/frog/00146.png,frog,test
test/frog/00329.png,frog,test
test/frog/00347.png,frog,test
test/frog/00395.png,frog,test
test/frog/00461.png,frog,test
test/frog/00536.png,frog,test
test/frog/00653.png,frog,test
test/frog/00783.png,frog,test
test/frog/00902.png,frog,test
test/frog/00964.png,frog,test
test/frog/01009.png,frog,test
test/frog/01092.png,frog,test
test/frog/01135.png,frog,test
test/frog/01302.png,frog,test
test/frog/01381.png,frog,test
test/frog/01394.png,frog,test
test/frog/01418.png,frog,test
test/frog/01483.png,frog,test
test/frog/01578.png,frog,test
test/frog/01661.png,frog,test
test/frog/01975.png,frog,test
test/frog/02338.png,frog,test
test/frog/02394.png,frog,test
test/frog/02416.png,frog,test
test/frog/02635.png,frog,test
test/frog/02637.png,frog,test
test/frog/02884.png,frog,test
test/frog/03075.png,frog,test
test/frog/03199.png,frog,test
test/frog/03214.png,frog,test
test/frog/03442.png,frog,test
test/frog/03486.png,frog,test
test/frog/03567.png,frog,test
test/frog/03582.png,frog,test
test/frog/03899.png,frog,test
test/frog/04073.png,frog,test
test/frog/04122.png,frog,test
test/frog/04127.png,frog,test
test/frog/04151.png,frog,test
test/frog/04161.png,frog,test
test/frog/04188.png,frog,test
test/frog/04384.png,frog,test
test/frog/04413.png,frog,test
test/frog/04575.png,frog,test
test/frog/04577.png,frog,test
test/frog/04579.png,frog,test
test/frog/04668.png,frog,test
test/frog/04714.png,frog,test
test/frog/04739.png,frog,test
test/frog/04859.png,frog,test
test/frog/04879.png,frog,test
test/frog/04943.png,frog,test
test/frog/05131.png,frog,test
test/frog/05487.png,frog,test
test/frog/05499.png,frog,test
test/frog/05519.png,frog,test
test/frog/05556.png,frog,test
test/frog/05561.png,frog,test
test/frog/05616.png,frog,test
test/frog/05676.png,frog,test
test/frog/05727.png,frog,test
test/frog/05841.png,frog,test
test/frog/05850.png,frog,test
test/frog/05871.png,frog,test
test/frog/05935.png,frog,test
test/frog/05962.png,frog,test
test/frog/05973.png,frog,test
test/frog/06013.png,frog,test
test/frog/06042.png,frog,test
test/frog/06255.png,frog,test
test/frog/06487.png,frog,test
test/frog/06558.png,frog,test
test/frog/06563.png,frog,test
test/frog/06605.png,frog,test
test/frog/06668.png,frog,test
test/frog/07301.png,frog,test
test/frog/07339.png,frog,test
test/frog/07591.png,frog,test
test/frog/07919.png,frog,test
test/frog/08002.png,frog,test
test/frog/08036.png,frog,test
test/frog/08171.png,frog,test
test/frog/08213.png,frog,test
test/frog/08273.png,frog,test
test/frog/08334.png,frog,test
test/frog/08348.png,frog,test
test/frog/08367.png,frog,test
test/frog/08705.png,frog,test
test/frog/08773.png,frog,test
test/frog/08802.png,frog,test
test/frog/08932.png,frog,test
test/frog/09068.png,frog,test
test/frog/09166.png,frog,test
test/frog/09194.png,frog,test
test/frog/09325.png,frog,test
test/frog/09328.png,frog,test
test/frog/09430.png,frog,test
test/frog/09537.png,frog,test
test/frog/09614.png,frog,test
test/frog/09730.png,frog,test
